HOOD_ID,join,Assault_2014,Auto Theft_2014,Bike Theft_2014,Break and Enter_2014,Homicide_2014,Robbery_2014,Shooting (Non-Fatal)_2014,Theft From Motor Vehicle_2014,Theft Over_2014,Assault_2015,Auto Theft_2015,Bike Theft_2015,Break and Enter_2015,Homicide_2015,Robbery_2015,Shooting (Non-Fatal)_2015,Theft From Motor Vehicle_2015,Theft Over_2015,Assault_2016,Auto Theft_2016,Bike Theft_2016,Break and Enter_2016,Homicide_2016,Robbery_2016,Shooting (Non-Fatal)_2016,Theft From Motor Vehicle_2016,Theft Over_2016,Assault_2017,Auto Theft_2017,Bike Theft_2017,Break and Enter_2017,Homicide_2017,Robbery_2017,Shooting (Non-Fatal)_2017,Theft From Motor Vehicle_2017,Theft Over_2017,Assault_2018,Auto Theft_2018,Bike Theft_2018,Break and Enter_2018,Homicide_2018,Robbery_2018,Shooting (Non-Fatal)_2018,Theft From Motor Vehicle_2018,Theft Over_2018,Assault_2019,Auto Theft_2019,Bike Theft_2019,Break and Enter_2019,Homicide_2019,Robbery_2019,Shooting (Non-Fatal)_2019,Theft From Motor Vehicle_2019,Theft Over_2019,Assault_2020,Auto Theft_2020,Bike Theft_2020,Break and Enter_2020,Homicide_2020,Robbery_2020,Shooting (Non-Fatal)_2020,Theft From Motor Vehicle_2020,Theft Over_2020,Assault_2021,Auto Theft_2021,Bike Theft_2021,Break and Enter_2021,Homicide_2021,Robbery_2021,Shooting (Non-Fatal)_2021,Theft From Motor Vehicle_2021,Theft Over_2021,Assault_2022,Auto Theft_2022,Bike Theft_2022,Break and Enter_2022,Homicide_2022,Robbery_2022,Shooting (Non-Fatal)_2022,Theft From Motor Vehicle_2022,Theft Over_2022,Assault_2023,Auto Theft_2023,Bike Theft_2023,Break and Enter_2023,Homicide_2023,Robbery_2023,Shooting (Non-Fatal)_2023,Theft From Motor Vehicle_2023,Theft Over_2023,Assault_2024,Auto Theft_2024,Bike Theft_2024,Break and Enter_2024,Homicide_2024,Robbery_2024,Shooting (Non-Fatal)_2024,Theft From Motor Vehicle_2024,Theft Over_2024
1,1,280,299,4,145,0,76,4,355,39,282,261,18,117,3,67,4,246,57,267,318,13,124,2,74,8,212,38,296,324,10,113,0,100,8,202,56,303,504,7,158,0,82,14,373,54,228,486,7,130,1,59,14,340,63,234,400,4,88,3,65,5,347,51,243,491,12,96,0,46,5,351,54,246,772,6,126,1,60,4,425,57,300,816,10,205,2,71,8,269,77,66,151,1,54,1,13,1,44,12
10,10,23,21,2,30,0,7,0,89,2,15,17,5,26,0,4,0,72,3,27,20,2,26,1,36,0,53,3,28,18,2,22,0,6,3,29,3,17,20,6,23,1,2,0,33,5,27,26,3,28,0,12,0,33,5,28,21,1,11,0,9,1,33,4,23,26,4,10,0,1,1,30,2,20,60,1,12,0,1,1,26,2,25,111,2,58,0,5,1,17,6,8,20,0,11,0,0,0,5,1
100,100,22,3,7,32,0,11,0,21,2,24,10,18,17,0,8,0,9,2,29,4,20,20,0,8,0,10,3,30,2,17,18,0,9,0,24,2,22,14,7,12,0,14,0,20,1,35,12,12,27,1,6,0,37,5,35,14,25,17,0,4,0,38,3,28,26,10,18,0,1,0,16,2,66,40,7,21,1,1,0,27,1,59,42,9,22,0,1,1,13,10,19,6,3,2,0,1,0,1,0
101,101,12,6,8,46,0,5,0,21,6,18,11,8,24,0,1,0,9,4,12,9,8,20,0,2,0,10,7,26,12,7,69,1,2,1,16,4,14,27,8,40,0,7,0,24,2,20,20,7,39,0,18,0,23,4,31,32,15,39,0,4,0,41,5,10,77,18,21,0,3,0,18,2,23,75,7,26,0,1,0,20,9,41,93,10,69,0,2,1,15,2,7,5,0,11,0,4,0,5,2
102,102,28,14,17,40,0,3,0,31,3,30,10,36,31,0,2,0,17,3,18,5,13,22,0,2,0,8,2,27,12,8,36,0,6,0,39,1,30,23,7,39,0,9,1,32,0,29,25,14,27,0,17,1,29,4,32,40,23,30,0,7,0,47,6,40,34,5,17,0,0,1,36,4,41,38,2,18,0,5,1,10,3,38,52,1,35,0,1,0,34,3,3,3,2,13,0,0,0,6,0
103,103,17,19,7,66,0,3,0,50,4,32,29,11,42,0,6,0,21,4,26,22,13,41,0,2,0,26,3,31,16,18,50,0,8,0,33,5,22,24,14,36,0,9,0,25,3,34,30,11,51,0,13,0,56,8,48,35,32,53,0,13,0,48,10,48,65,16,25,0,7,0,25,4,42,105,8,32,0,9,1,38,6,42,131,9,58,0,10,1,22,5,6,15,0,18,0,12,0,3,1
105,105,21,18,7,29,1,0,0,61,4,22,22,8,34,0,5,0,32,5,17,13,13,27,0,4,0,23,4,25,26,19,28,0,6,0,37,6,11,39,12,12,0,2,0,39,3,22,17,23,22,0,5,0,54,4,25,23,17,19,0,12,0,45,1,22,43,18,17,0,8,0,25,1,25,81,11,29,0,6,0,27,2,23,82,5,31,0,6,0,29,5,14,13,1,10,0,0,0,8,1
106,106,47,10,23,26,0,9,0,83,3,51,8,53,41,1,14,0,59,3,61,17,16,22,0,13,0,37,3,54,20,13,37,0,8,0,34,5,49,19,19,36,0,7,0,60,7,56,21,17,37,0,10,0,48,3,44,27,25,51,0,14,0,55,8,53,34,14,21,0,3,0,43,2,52,62,20,28,0,6,1,38,3,67,59,11,45,0,5,0,25,2,17,6,2,5,0,3,0,4,2
107,107,131,21,19,35,2,46,0,28,4,149,11,20,32,0,22,3,38,4,163,27,18,27,0,38,12,25,2,147,14,15,45,0,37,2,58,6,151,34,8,27,0,25,11,33,2,177,38,14,63,2,54,13,47,2,137,27,13,47,2,28,8,55,6,136,33,13,49,0,16,3,50,6,173,68,11,40,1,29,6,43,8,127,63,8,38,0,19,2,45,3,37,10,2,19,0,6,1,6,2
108,108,54,9,17,35,0,9,0,24,7,56,13,9,25,0,11,0,31,2,51,14,6,22,0,20,1,27,4,46,9,6,22,1,12,3,25,3,60,30,11,25,0,20,0,28,4,59,17,2,30,0,19,2,30,6,49,32,15,29,0,8,0,55,6,41,21,1,25,1,12,0,56,4,58,40,4,21,0,10,2,33,4,57,24,4,32,0,15,1,36,8,9,9,1,11,0,1,0,20,2
109,109,47,12,4,23,0,13,0,16,4,62,4,3,17,0,8,1,11,1,58,12,4,12,0,11,0,13,1,66,8,2,13,0,10,1,20,1,57,13,2,8,0,10,2,22,1,68,9,0,11,0,15,0,20,2,54,9,4,8,0,5,2,16,3,66,10,2,12,0,3,2,18,4,61,27,3,5,0,4,1,23,2,61,36,10,13,1,7,2,13,2,12,7,0,0,0,0,0,7,0
11,11,45,24,5,34,0,13,0,61,8,58,19,2,27,0,15,4,45,3,60,29,2,27,0,13,3,36,2,50,27,4,16,0,18,1,25,1,32,27,2,27,2,9,2,38,4,42,39,3,19,1,11,2,31,4,39,50,4,9,0,18,4,34,2,30,61,0,8,0,4,1,30,2,51,85,0,16,0,11,1,54,3,75,107,3,28,0,13,0,38,2,16,41,0,10,0,2,1,9,3
110,110,84,18,3,24,1,37,1,18,1,77,16,4,21,0,22,6,19,1,63,14,4,16,0,30,1,12,0,75,29,5,13,1,28,3,23,4,85,24,3,35,0,21,5,21,4,72,31,2,17,1,14,0,25,9,89,23,5,20,0,11,2,31,3,86,24,2,29,3,7,1,33,1,100,29,3,19,0,12,0,34,0,116,33,2,31,1,27,2,22,3,19,7,0,2,0,2,1,8,0
111,111,136,49,12,38,0,36,2,52,6,139,44,12,38,2,38,6,57,3,145,35,9,37,0,67,3,43,3,117,51,13,36,0,47,1,53,10,137,53,6,29,0,18,5,75,15,149,36,5,41,1,10,6,67,10,140,63,1,41,2,14,3,68,3,136,46,11,32,1,14,11,38,6,176,62,7,31,0,21,7,55,11,176,77,12,61,0,19,8,93,9,33,10,0,14,0,3,1,16,1
112,112,49,12,1,18,0,13,1,8,2,60,7,5,17,0,9,3,14,7,57,8,1,9,0,11,1,6,3,57,10,0,19,0,5,1,16,2,43,12,1,24,0,10,0,11,0,58,14,0,14,0,9,5,8,1,38,18,0,7,0,4,1,26,2,47,21,0,6,2,13,3,13,0,58,21,0,9,0,1,2,25,2,78,24,3,21,1,11,3,10,6,19,8,0,5,0,0,0,2,0
113,113,156,50,8,32,0,34,3,71,4,142,33,5,47,0,43,5,64,4,176,39,7,40,3,38,11,89,3,163,36,10,71,1,40,6,81,4,146,48,14,36,1,33,8,74,7,175,47,7,46,1,19,7,66,5,202,66,7,21,3,22,3,93,11,184,54,5,33,0,23,4,62,4,220,98,6,40,2,30,3,82,7,218,93,11,53,1,31,3,51,3,57,27,0,22,3,18,2,13,1
114,114,33,6,9,12,0,1,1,20,1,32,6,11,13,0,8,3,13,3,24,1,5,8,0,5,0,14,1,18,10,2,10,0,3,1,6,0,23,16,5,7,0,1,0,24,2,24,10,9,14,0,3,2,15,1,18,11,8,14,0,1,0,14,1,28,8,4,5,0,0,0,5,2,42,20,6,12,0,4,0,6,1,28,20,1,15,0,5,2,8,3,5,2,1,6,0,1,3,6,0
115,115,98,25,2,18,1,29,3,19,3,107,12,1,22,0,12,1,51,2,113,17,3,31,0,28,3,21,0,103,18,4,18,0,33,1,17,4,95,16,2,21,1,11,3,32,1,98,24,2,17,3,19,2,32,5,75,25,1,18,1,19,1,36,3,99,28,6,16,1,11,2,33,3,117,39,4,24,0,6,2,35,5,115,53,3,24,0,9,2,27,8,21,7,1,11,0,4,2,6,2
116,116,48,20,2,64,0,8,2,27,4,44,15,4,60,0,15,0,35,4,46,32,1,51,0,21,0,20,3,49,30,6,43,0,6,0,33,7,33,26,1,64,0,10,1,32,6,49,33,0,76,0,10,0,39,4,49,31,0,26,0,8,2,23,4,53,43,0,17,0,8,1,28,4,47,44,1,34,0,28,0,47,5,57,80,3,29,0,10,1,29,4,11,12,0,7,0,1,0,7,3
118,118,107,24,2,49,0,27,0,62,3,98,17,2,71,1,37,3,62,8,101,21,2,60,0,13,2,44,8,123,21,5,57,0,27,2,67,6,132,31,4,83,1,20,2,57,4,116,28,3,78,1,24,3,60,3,113,44,8,58,1,24,2,57,3,119,54,5,20,0,12,5,59,5,119,85,7,38,1,30,0,107,4,146,103,14,37,0,26,4,70,6,33,20,0,13,0,7,1,11,0
119,119,224,58,16,141,2,53,4,112,14,243,48,10,100,0,37,3,131,16,225,40,9,76,2,31,3,119,13,245,74,7,98,0,47,6,130,13,234,88,8,110,2,38,5,89,14,284,98,10,97,1,27,5,92,17,211,84,13,79,2,32,3,140,9,239,98,13,75,1,29,3,136,16,250,133,11,77,1,40,4,135,21,276,203,23,81,0,32,6,120,25,78,39,1,14,0,15,2,19,4
12,12,26,10,31,50,0,7,0,59,4,15,16,5,20,0,3,0,35,2,22,13,2,18,0,10,0,43,1,33,9,3,14,0,10,0,30,1,21,16,5,32,0,3,1,24,3,16,10,9,26,0,14,1,16,2,44,27,1,12,0,16,0,16,7,30,26,1,11,0,8,0,23,0,43,36,2,13,0,12,0,41,2,44,53,1,16,0,3,0,22,1,13,14,0,5,0,0,0,4,0
120,120,277,46,23,130,0,52,3,105,5,313,32,20,116,2,53,6,97,18,282,51,8,87,1,47,2,107,17,271,43,17,106,0,60,0,109,7,325,48,12,76,3,32,7,137,14,300,70,6,75,2,42,3,124,12,198,54,6,56,1,41,3,107,6,273,44,12,53,2,15,3,142,17,271,74,7,78,1,20,4,121,13,306,128,12,59,0,26,6,89,8,83,39,2,13,0,3,1,24,2
121,121,171,21,14,59,0,37,3,34,3,158,18,15,69,1,37,11,74,6,134,11,4,58,0,30,2,75,10,161,14,10,75,0,32,6,57,2,140,16,12,68,0,33,3,59,5,148,12,9,50,0,26,2,54,5,149,23,9,40,1,16,7,49,5,163,26,12,32,0,19,3,66,5,163,18,8,38,0,12,2,58,7,188,25,5,30,0,27,2,50,5,45,6,1,2,0,5,2,9,3
122,122,141,14,10,73,0,17,0,79,3,134,18,17,83,1,26,0,107,4,202,14,20,79,0,21,0,89,6,165,12,15,84,1,16,0,56,7,201,24,8,76,1,22,0,92,11,213,27,4,58,0,30,2,89,5,147,22,14,47,0,21,0,90,5,141,30,13,42,0,15,2,67,4,153,41,6,35,1,15,0,68,7,194,68,6,34,0,8,1,50,6,50,27,0,9,0,2,1,8,1
123,123,77,19,5,44,0,28,0,41,3,110,12,3,58,1,20,2,55,4,113,10,6,63,0,26,0,57,4,124,20,9,34,0,36,0,69,5,142,25,0,52,1,16,2,64,3,137,18,4,45,1,30,1,107,3,111,18,5,38,0,24,1,87,10,93,33,2,30,1,15,0,71,3,138,45,3,21,0,14,4,80,5,185,63,3,24,1,19,3,47,1,25,26,0,6,0,4,0,11,2
124,124,189,23,2,47,0,58,0,28,5,216,9,7,27,0,52,0,48,3,191,10,7,45,0,23,1,35,3,182,20,10,32,0,47,1,67,4,193,19,12,36,2,23,1,60,18,191,22,4,33,1,21,1,64,8,164,28,8,26,0,21,1,72,10,176,36,8,32,1,17,1,61,3,199,48,4,38,0,13,2,90,6,252,46,9,38,0,21,3,63,8,42,6,1,7,0,3,0,15,4
125,125,75,7,0,27,0,21,1,13,3,79,16,3,43,0,15,0,27,5,82,10,0,14,0,8,0,16,3,74,10,4,27,0,11,0,21,1,65,5,2,16,0,4,0,24,1,58,11,2,18,0,11,1,27,2,69,10,3,15,0,1,1,34,0,69,7,1,15,0,9,0,41,5,60,13,3,11,0,8,2,47,0,91,31,5,15,0,4,1,27,1,13,11,0,2,0,1,1,5,1
126,126,139,49,7,84,0,38,1,76,8,180,45,4,84,0,46,4,93,11,208,45,4,70,0,56,10,57,10,216,41,5,93,1,36,6,54,6,208,74,2,70,0,37,8,67,11,177,60,0,55,2,38,6,79,7,156,77,7,73,0,27,6,116,9,201,49,12,44,3,24,5,104,7,229,67,11,73,0,26,3,76,8,237,107,16,61,4,32,2,92,23,47,20,3,15,0,6,0,13,2
128,128,105,27,1,82,0,28,0,77,18,101,27,5,63,0,28,0,63,8,135,25,2,58,0,37,4,51,14,114,33,8,88,0,34,5,81,16,108,35,5,93,1,30,5,67,9,102,56,6,98,1,32,3,52,10,114,58,9,89,2,15,0,61,8,95,39,7,36,1,12,3,75,4,127,77,9,53,0,30,3,76,13,171,140,13,70,0,18,5,56,9,26,26,0,16,0,6,0,10,1
129,129,84,19,5,49,1,45,0,67,1,72,27,6,63,0,39,1,44,8,86,19,2,63,0,26,0,50,5,70,32,1,72,0,22,0,95,9,88,43,1,80,0,47,0,65,4,78,43,1,73,0,39,2,71,4,65,62,1,22,0,24,2,61,4,63,49,2,24,0,9,0,35,4,79,55,0,32,0,9,1,49,6,79,146,3,48,0,19,1,29,5,17,48,0,5,0,12,0,8,1
13,13,53,14,12,31,1,18,1,27,0,63,16,2,26,0,5,2,25,3,58,15,2,16,1,4,1,21,1,62,11,2,8,0,5,1,17,4,52,9,2,15,0,8,4,24,5,54,15,3,8,2,10,3,21,5,65,12,2,14,1,10,5,30,8,50,21,4,14,0,3,0,22,4,58,33,4,22,0,5,1,52,6,75,66,2,13,0,1,2,47,6,18,11,0,4,1,2,0,5,1
130,130,67,35,2,94,0,30,0,58,16,88,42,1,106,0,26,1,54,12,85,32,0,56,0,27,0,30,11,93,63,6,90,0,21,0,67,19,77,87,1,99,0,16,2,71,19,90,80,2,113,1,27,0,65,18,85,71,1,52,0,25,1,78,10,63,78,8,75,1,14,6,62,2,65,99,1,50,1,37,4,70,11,86,245,4,71,0,27,4,71,22,26,50,2,23,0,20,4,20,5
133,133,54,9,1,15,0,9,0,36,3,37,7,2,17,1,4,0,15,0,51,6,5,23,0,10,2,47,2,49,8,4,29,1,12,0,44,3,47,10,4,16,1,6,1,33,3,53,26,3,27,0,5,1,29,2,52,10,3,10,0,3,1,41,0,35,21,0,6,0,6,0,39,2,37,27,0,16,0,0,0,52,5,36,50,0,18,0,7,0,29,2,13,10,0,1,0,0,0,9,2
134,134,84,26,14,30,0,21,1,31,3,80,11,11,36,0,34,1,32,5,90,8,18,31,0,15,1,33,1,98,17,2,25,0,20,1,56,1,69,17,0,30,0,5,2,23,3,91,19,3,41,1,19,1,50,1,64,14,0,18,0,3,3,46,3,69,36,0,11,1,3,2,25,3,74,47,3,19,0,6,2,47,0,74,57,3,17,0,3,3,22,4,22,17,0,10,0,6,2,8,1
135,135,88,19,5,28,0,14,1,18,0,113,16,3,20,1,19,0,30,2,138,13,1,18,0,7,0,14,0,130,9,0,14,0,16,1,34,2,122,16,1,18,1,12,0,30,2,142,13,1,15,1,9,2,26,4,81,28,0,15,1,8,5,22,2,58,27,0,11,0,4,2,20,1,91,49,1,11,1,13,4,92,3,117,53,3,7,0,2,4,44,0,29,13,0,1,0,1,3,9,0
136,136,353,23,16,88,0,62,0,57,5,401,17,16,68,2,64,1,67,7,424,15,26,73,0,77,6,62,7,413,31,13,86,0,65,3,110,10,412,26,7,104,1,51,4,75,5,447,46,11,75,2,72,6,58,5,329,57,11,58,2,36,7,125,8,318,75,18,71,0,44,5,137,4,377,60,17,43,1,62,6,146,14,429,81,15,56,2,57,9,135,18,69,23,0,10,0,12,2,16,3
138,138,214,23,1,46,0,77,4,27,10,218,23,3,83,0,55,2,49,4,233,25,2,72,0,48,4,41,7,249,34,5,74,1,45,13,59,2,205,25,1,54,1,42,3,66,6,224,30,6,62,2,38,5,60,8,169,40,7,28,2,26,10,89,6,171,44,2,37,4,23,7,52,2,186,52,9,41,1,38,6,102,8,204,56,16,53,1,42,7,107,14,38,19,0,7,0,9,1,22,2
139,139,158,18,3,47,1,32,0,51,3,136,15,2,46,0,29,2,25,3,193,10,3,30,6,26,2,35,2,142,22,7,32,1,21,4,40,5,170,15,0,44,0,11,3,49,4,163,20,2,41,0,27,6,52,1,169,22,9,28,1,17,2,76,6,109,27,5,21,0,13,3,58,6,133,23,10,17,0,9,1,50,7,142,42,5,35,0,23,1,63,5,27,16,0,8,0,12,1,13,2
140,140,55,5,3,15,0,16,0,27,1,47,0,2,22,0,11,0,59,2,43,5,6,18,0,7,0,32,1,50,4,2,11,0,10,0,42,4,54,5,1,16,0,5,1,31,1,39,5,2,12,1,7,0,30,2,44,10,4,2,0,3,1,42,1,36,12,0,9,2,5,0,34,0,49,11,2,8,0,6,1,48,2,60,30,3,10,0,1,1,32,4,8,5,0,3,1,1,0,10,0
141,141,235,23,11,67,2,50,1,41,4,259,23,6,70,3,61,3,57,5,226,11,15,49,1,44,1,45,6,267,25,11,53,0,83,4,48,10,232,37,5,40,0,50,10,75,4,260,23,4,47,0,51,11,76,4,201,43,3,47,1,35,12,77,5,217,55,2,29,2,24,13,63,5,230,88,3,33,2,20,6,123,7,220,89,6,38,1,35,3,82,9,39,25,0,8,0,11,0,15,3
142,142,122,27,1,49,1,34,0,53,7,133,11,2,70,0,31,2,56,9,131,22,2,31,0,27,2,48,10,146,23,6,39,0,43,3,59,11,140,25,3,58,0,27,2,62,10,171,39,2,53,0,14,2,77,6,141,56,0,22,1,19,1,68,12,132,47,4,24,0,7,3,72,6,147,92,8,28,1,22,6,80,11,137,84,13,30,2,21,3,77,10,26,19,0,8,0,6,3,41,1
143,143,86,30,7,35,0,12,0,66,3,62,29,4,33,0,13,1,35,2,67,8,12,37,0,13,1,47,3,97,10,7,41,0,21,0,65,6,86,20,22,44,0,15,1,55,7,85,44,8,22,0,25,2,38,4,67,23,7,16,1,27,1,57,4,65,45,5,23,1,12,4,30,4,68,87,4,24,0,14,3,64,5,76,104,4,24,1,25,4,46,6,10,24,0,5,0,0,1,9,1
144,144,99,33,3,39,1,14,1,40,8,119,25,5,39,0,24,3,35,8,103,17,1,40,0,22,5,34,10,108,28,1,30,4,27,3,63,7,117,47,2,45,0,22,3,44,11,117,52,2,35,0,21,3,47,9,94,40,1,19,0,13,4,77,7,82,74,1,23,2,16,2,53,6,95,113,2,22,1,27,3,52,15,123,155,1,34,0,19,7,58,8,28,41,0,13,0,7,2,13,1
145,145,76,6,2,27,0,17,2,37,4,87,17,2,19,0,18,2,28,3,101,17,3,24,0,30,3,34,3,108,27,4,11,0,33,2,43,3,86,25,2,24,2,19,4,40,10,123,37,4,23,1,19,7,43,9,74,25,4,11,0,7,6,28,0,86,21,1,14,1,16,4,23,3,88,52,3,6,0,13,2,28,3,84,53,1,14,0,18,3,42,3,17,17,0,6,0,4,0,1,0
146,146,142,17,5,38,0,23,2,31,6,189,13,3,24,0,28,7,20,1,181,17,7,43,4,34,7,28,4,198,28,3,22,2,30,7,51,3,172,31,2,41,1,30,4,30,4,219,40,2,21,0,23,5,39,5,168,41,3,14,1,18,8,64,6,135,45,8,22,2,20,5,28,1,124,49,1,19,0,20,3,76,7,131,66,7,35,0,19,3,61,2,31,15,0,4,0,4,1,6,3
147,147,59,12,2,29,1,24,1,37,1,63,12,1,30,0,26,3,32,2,93,16,5,27,1,21,4,22,2,107,14,5,33,1,27,10,35,3,84,18,7,36,0,20,6,36,3,114,28,6,38,0,21,6,27,1,83,19,5,20,3,12,6,32,6,89,19,7,10,0,6,3,34,4,92,29,4,13,1,9,4,52,6,103,59,6,26,1,20,1,38,3,25,7,0,4,0,4,0,3,1
148,148,58,11,0,38,0,31,1,43,5,87,10,2,51,0,18,1,32,5,88,13,2,21,1,17,1,34,2,75,10,1,38,0,21,1,26,4,79,11,4,35,0,20,1,35,5,90,12,2,40,0,45,3,32,3,103,13,1,22,0,12,3,35,2,73,17,2,16,0,5,2,18,5,74,48,3,29,0,7,1,35,10,84,63,9,24,0,7,3,42,7,14,33,0,12,0,5,1,8,2
149,149,18,8,0,15,0,4,1,25,1,34,14,2,19,0,1,0,26,3,39,6,0,17,0,10,1,28,1,43,14,6,24,0,10,3,38,3,37,6,2,22,1,4,0,21,2,36,7,1,25,0,5,0,25,1,24,19,1,23,0,3,1,22,0,41,17,5,13,0,10,1,24,0,39,34,0,15,0,6,2,21,1,54,44,2,24,0,4,2,15,2,6,10,0,6,0,1,1,6,2
15,15,21,15,13,26,0,8,0,26,3,27,16,18,24,0,14,0,31,3,28,7,13,27,0,10,0,18,1,11,24,5,27,0,7,0,22,5,16,10,3,15,0,11,0,24,2,25,25,4,28,0,10,1,22,4,9,14,7,18,0,5,0,12,2,17,35,7,10,0,8,0,16,3,18,63,5,15,0,8,0,16,1,36,88,7,43,0,8,0,11,7,6,10,0,11,0,0,0,4,0
150,150,107,21,2,46,0,8,0,59,5,103,17,5,37,0,16,2,61,3,121,18,6,26,0,19,2,49,3,107,30,8,31,0,28,4,57,4,95,11,2,48,0,18,1,25,3,102,19,4,33,1,26,1,71,2,109,20,2,26,0,5,3,51,3,71,32,3,22,1,11,3,43,3,103,39,3,9,0,9,4,63,1,126,42,6,20,1,13,1,36,9,19,20,0,4,0,0,1,4,1
151,151,96,11,22,11,0,12,0,14,5,121,10,23,15,0,13,0,12,8,114,10,51,18,0,25,1,18,9,126,15,10,16,0,24,0,26,10,120,26,15,12,0,34,0,36,7,133,40,15,29,0,17,0,87,20,108,39,33,36,0,33,0,92,14,105,51,19,21,0,46,0,109,13,138,45,35,21,0,9,0,76,14,145,65,26,21,1,29,0,131,32,31,20,2,2,0,12,0,15,7
152,152,52,16,7,62,0,13,1,25,3,43,17,6,66,0,19,0,15,6,55,30,12,47,0,18,0,34,5,54,15,8,71,0,26,0,35,8,62,14,3,51,0,29,1,36,4,68,33,7,60,0,30,2,46,8,42,24,13,36,0,14,2,68,5,58,42,11,24,0,6,0,52,6,68,55,8,41,0,10,2,72,16,61,91,10,70,0,22,2,91,15,14,14,0,21,0,13,1,8,2
153,153,33,7,5,20,0,6,1,13,2,46,1,8,10,0,5,0,11,2,49,6,18,15,0,5,0,10,5,61,3,19,15,0,14,1,8,3,72,9,6,14,11,19,1,11,6,56,14,7,21,0,8,2,25,4,44,35,33,18,0,10,0,38,4,63,31,21,14,0,14,0,31,5,50,21,24,12,2,8,0,35,12,60,28,11,21,0,9,0,61,6,15,6,0,6,0,6,0,7,2
154,154,207,63,5,56,0,40,4,73,11,222,67,7,40,0,41,4,40,4,229,50,7,24,1,34,3,40,9,286,53,1,31,2,46,4,60,9,298,75,9,46,0,38,7,107,10,286,85,6,79,1,41,3,115,4,243,97,11,48,0,51,6,145,14,286,109,9,63,0,27,9,103,18,312,101,14,50,2,37,5,97,18,420,157,13,86,1,28,5,66,23,72,23,4,15,1,10,2,20,4
155,155,118,26,6,32,1,27,3,52,5,132,30,4,35,0,22,3,44,8,134,35,6,32,0,15,3,61,4,146,31,3,26,0,16,4,52,13,119,31,10,40,1,29,1,64,2,151,68,6,32,2,18,6,75,8,125,56,4,39,1,8,1,84,10,134,62,8,30,0,15,2,56,8,131,116,4,34,0,22,4,64,13,198,95,8,82,0,28,3,68,18,35,24,0,12,0,7,0,9,1
156,156,124,38,10,77,0,47,0,80,7,126,36,6,34,0,47,0,66,8,159,40,4,30,2,41,1,49,10,141,29,21,27,0,65,4,67,14,143,43,2,37,0,40,0,53,13,166,40,3,26,0,39,2,49,8,109,42,1,14,1,20,6,48,5,125,69,4,17,0,47,4,32,6,143,86,7,24,2,59,5,70,13,183,148,10,38,0,49,0,70,17,28,39,1,8,0,17,0,12,2
157,157,72,8,1,24,1,15,2,19,1,76,13,3,28,0,16,1,29,1,88,8,7,24,1,21,2,19,5,119,8,4,33,0,13,2,46,4,113,17,0,17,0,6,2,30,2,102,18,1,26,1,7,1,31,2,82,11,0,16,0,3,3,20,1,63,25,3,5,0,9,3,27,1,65,22,3,12,0,6,4,31,2,106,25,4,15,0,19,2,20,3,34,12,0,4,0,2,0,2,0
158,158,77,22,14,57,0,15,0,76,2,53,22,10,52,0,11,4,97,4,74,30,7,35,0,17,3,46,4,56,21,6,28,0,14,0,57,7,71,36,2,46,0,10,1,66,6,72,43,4,47,0,14,1,69,8,68,45,13,34,0,8,0,64,6,61,56,10,37,0,8,1,44,5,80,93,4,57,0,19,0,68,10,125,175,7,58,0,10,0,41,10,20,23,1,28,0,6,0,11,2
159,159,153,64,5,54,2,22,2,119,36,161,76,11,87,0,24,1,111,39,138,99,18,62,0,22,3,90,32,142,70,14,62,0,44,3,83,29,161,117,10,68,2,17,1,93,45,132,115,16,73,1,21,1,109,27,147,105,17,65,0,28,4,139,27,140,108,20,78,1,11,3,105,29,209,170,14,75,1,46,2,171,41,284,275,14,66,3,35,2,173,59,54,64,2,25,0,8,0,18,11
16,16,101,40,9,72,0,26,3,90,8,80,29,22,48,0,19,2,62,9,77,17,15,54,0,17,0,51,5,119,33,15,62,0,40,1,65,8,107,32,18,47,0,38,1,78,9,105,41,20,69,0,29,2,74,6,110,51,16,45,0,19,0,105,6,92,74,7,36,1,25,0,62,9,111,151,13,53,0,14,0,111,11,178,156,11,119,2,21,0,74,12,39,29,1,23,0,4,3,9,4
160,160,148,32,19,40,0,10,0,84,4,133,26,20,47,0,15,1,51,12,167,34,7,28,1,10,0,45,6,264,22,25,38,1,19,1,56,6,421,25,38,36,0,19,1,52,7,241,52,23,43,0,6,1,84,14,202,34,12,39,1,6,2,51,9,279,41,21,24,0,10,2,29,7,362,81,33,41,0,13,2,69,12,533,90,5,31,1,8,1,53,25,127,33,0,12,0,5,0,16,2
161,161,61,11,8,15,0,1,0,47,6,74,9,13,20,1,10,2,17,4,82,11,33,21,0,3,0,27,10,85,26,37,20,0,8,0,32,9,82,5,64,13,0,12,0,13,6,93,25,74,37,1,11,1,15,5,91,19,33,19,0,6,0,24,10,95,23,20,30,0,6,1,19,6,118,51,15,30,2,14,0,56,13,138,74,15,38,0,8,1,27,9,23,7,2,12,0,4,1,8,1
162,162,139,13,37,48,0,19,0,94,4,149,7,47,30,0,13,2,55,4,118,9,64,42,1,8,1,47,4,148,6,63,32,0,7,1,73,5,108,6,70,39,1,10,2,54,6,100,14,84,82,0,14,1,60,8,113,14,86,73,1,13,1,43,7,141,13,44,54,0,20,1,44,8,141,25,25,44,0,4,0,36,8,118,18,51,50,0,9,2,30,8,37,3,5,11,0,4,0,5,0
163,163,98,10,41,29,0,9,1,38,13,108,14,72,38,2,7,1,52,12,96,14,48,28,0,5,1,21,12,92,10,64,50,0,2,0,37,8,127,12,97,41,1,4,2,31,12,126,20,112,78,0,6,1,43,13,91,14,61,50,0,11,1,41,6,132,13,48,38,0,6,2,37,14,158,14,30,28,0,9,4,26,14,155,22,34,34,2,6,1,35,14,32,5,12,3,0,4,1,6,5
164,164,454,29,109,67,1,40,2,184,20,541,17,97,71,1,40,4,134,15,591,21,168,117,0,43,4,86,23,585,31,166,135,0,65,10,108,20,529,36,174,173,3,63,9,96,26,469,25,141,160,1,53,7,103,29,322,41,107,163,1,20,1,122,20,378,32,98,141,1,29,8,96,21,506,63,107,131,2,71,7,69,20,477,71,96,166,1,67,8,78,33,104,11,23,40,0,14,1,16,7
165,165,156,15,84,44,0,13,1,105,15,166,18,82,78,0,9,1,105,20,169,14,136,42,0,22,1,75,21,215,23,163,75,0,11,1,86,14,179,13,154,102,0,32,6,65,20,207,24,142,97,0,21,2,42,23,261,29,103,102,2,28,6,56,19,323,34,99,67,0,24,6,62,9,298,39,103,62,0,34,3,63,14,329,39,86,80,1,21,5,103,21,63,5,11,9,1,5,0,25,6
166,166,189,20,141,65,0,23,4,133,16,219,13,104,54,0,16,0,119,20,249,9,147,70,0,20,3,90,19,259,15,142,78,1,25,3,95,23,325,25,170,79,0,45,2,84,21,299,22,158,119,0,35,0,127,29,304,13,139,109,0,42,2,167,21,399,32,146,166,0,44,2,76,24,434,46,134,131,3,39,4,110,25,457,48,131,112,0,44,2,106,28,107,9,12,34,0,5,0,15,9
167,167,226,9,74,63,0,46,0,96,11,235,11,95,66,1,37,0,54,6,277,12,94,60,3,50,0,41,8,350,19,120,87,1,48,0,40,8,390,26,91,86,2,60,0,47,15,364,18,128,147,1,62,0,87,17,320,10,87,119,0,61,0,64,18,368,37,84,84,0,42,2,48,19,376,20,87,84,1,47,1,46,15,405,39,103,85,2,64,1,70,25,102,5,11,20,0,7,0,9,3
168,168,443,27,191,101,1,97,0,201,28,540,19,147,107,2,123,5,154,25,517,23,145,104,0,128,2,135,33,666,19,201,145,0,163,1,212,23,693,57,226,140,2,168,3,183,32,896,41,226,185,0,138,7,260,45,628,28,131,156,1,98,4,173,32,685,42,197,179,0,107,7,116,29,694,47,226,133,0,88,3,85,32,811,53,271,127,3,116,4,109,33,166,14,20,27,0,36,1,25,4
169,169,64,4,58,15,0,3,0,25,13,59,4,63,27,0,8,0,15,9,68,4,85,43,0,12,0,21,17,84,5,92,43,0,5,0,14,11,73,18,70,50,0,17,1,26,6,77,4,45,56,1,14,0,21,6,70,6,52,41,0,12,0,23,6,81,14,42,25,0,20,0,14,10,89,11,57,44,0,13,1,19,7,82,12,35,30,0,9,1,30,8,20,1,1,9,0,1,0,6,2
170,170,309,11,198,56,1,59,0,106,30,398,20,144,83,2,34,2,100,14,348,14,174,53,0,46,1,67,22,438,11,176,84,1,51,2,81,32,419,20,257,75,1,62,1,87,33,424,39,171,100,2,44,3,153,41,294,15,145,137,0,43,0,120,23,242,24,145,88,1,44,0,61,27,338,23,191,99,0,42,1,94,34,413,40,152,85,0,39,2,75,46,90,13,17,7,0,7,0,16,7
171,171,149,23,30,35,0,23,0,62,4,142,10,34,33,3,27,0,23,4,143,13,46,35,0,21,1,45,6,123,16,53,44,1,23,4,68,5,135,28,59,84,0,12,3,138,7,149,19,67,87,1,31,2,103,7,147,38,42,96,0,19,5,114,7,150,31,33,67,0,9,3,50,9,112,47,33,46,0,18,3,45,6,183,36,48,69,0,8,3,46,6,29,7,5,22,0,1,0,6,1
172,172,48,6,20,28,1,8,0,35,5,53,12,27,20,0,13,1,27,2,53,16,50,34,0,8,0,48,2,53,8,34,29,1,17,0,37,2,42,12,24,43,0,11,0,81,2,48,15,24,56,1,3,0,61,2,55,20,27,41,0,5,0,64,2,55,9,22,14,0,4,0,19,2,43,22,19,23,0,5,0,29,4,54,24,31,40,0,11,0,21,1,19,7,4,11,0,3,0,7,0
173,173,60,5,6,32,0,8,0,26,3,43,1,15,47,0,10,0,8,5,59,2,12,16,0,9,0,11,1,66,6,16,25,0,9,0,15,3,62,5,32,43,0,14,1,9,6,82,4,24,42,0,20,1,22,6,82,13,53,79,1,6,0,30,4,88,15,27,41,0,10,1,25,4,118,7,12,41,0,12,1,24,4,99,16,21,37,0,11,0,35,9,22,2,1,17,0,5,1,3,0
174,174,63,7,21,31,0,11,1,14,6,91,3,18,31,1,13,0,15,2,82,4,22,23,1,11,0,13,3,96,2,34,34,0,7,0,16,2,102,13,17,57,0,22,0,16,5,109,8,36,87,1,10,0,24,4,120,13,91,86,1,17,1,35,8,131,15,29,55,1,11,0,17,2,164,8,22,33,0,17,1,43,6,118,22,42,43,0,9,0,35,10,43,5,3,11,0,3,1,7,2
18,18,85,10,8,26,0,21,1,26,3,109,14,12,45,0,15,1,44,3,98,10,7,42,1,18,0,33,5,108,13,9,27,0,27,3,18,1,109,12,35,22,2,19,0,36,1,110,22,9,24,0,30,2,40,4,90,22,13,40,0,12,4,39,3,107,16,9,19,0,12,3,25,5,159,45,20,26,0,14,0,47,6,160,38,10,39,0,16,1,32,5,28,11,0,9,0,0,0,3,0
19,19,62,9,13,22,0,11,0,41,2,61,14,8,30,0,14,0,48,4,61,13,9,27,0,5,0,19,1,64,15,17,25,0,10,3,43,3,49,11,34,38,0,9,0,14,2,59,11,12,30,0,17,0,44,1,58,22,10,33,0,14,0,40,4,91,40,12,15,1,1,2,41,3,85,34,29,31,0,7,0,30,5,89,36,15,27,0,7,0,17,3,22,13,1,4,0,2,0,6,0
2,2,205,57,6,25,1,72,6,100,2,213,49,4,34,2,99,8,58,4,251,35,16,31,3,108,6,93,2,238,48,6,36,0,81,8,62,1,210,63,4,20,4,61,14,68,4,234,79,3,32,4,47,11,103,5,173,74,8,18,2,39,15,89,8,173,76,6,16,1,45,9,77,3,199,119,9,26,1,41,6,72,12,236,137,5,19,3,41,13,99,9,45,20,1,6,0,10,6,14,2
20,20,47,10,5,19,1,8,0,37,7,47,18,2,28,0,6,0,46,4,40,17,3,28,0,11,0,39,10,24,16,4,24,0,6,0,14,6,30,25,9,26,0,8,0,20,7,36,16,5,25,0,5,1,51,9,35,29,8,43,0,12,0,46,3,30,31,0,17,0,2,0,44,6,41,69,12,42,3,7,0,28,6,43,44,2,23,0,8,0,14,8,10,15,0,9,0,1,0,3,3
21,21,64,59,6,44,0,14,1,64,16,83,39,2,39,1,20,5,52,13,105,57,6,32,0,18,15,58,17,104,80,2,35,2,22,8,72,16,92,104,2,41,1,22,4,72,16,108,117,4,54,3,24,5,52,18,86,104,2,24,0,23,5,78,19,88,117,2,34,0,10,3,73,24,108,162,2,48,0,29,6,69,21,125,119,4,77,2,18,4,75,35,28,20,0,15,0,4,0,8,2
22,22,131,47,3,44,0,38,2,43,3,135,35,6,41,0,30,8,31,9,130,49,3,28,1,28,3,36,1,178,63,5,28,1,39,5,27,8,135,66,2,54,0,38,5,50,9,166,78,4,71,0,36,4,55,9,111,89,4,36,0,15,6,67,15,160,75,2,32,1,22,4,46,15,130,114,1,33,0,39,3,49,10,175,129,2,37,0,19,1,76,16,41,35,1,6,0,10,0,11,1
23,23,59,32,2,27,0,12,0,39,4,46,33,1,14,0,24,2,30,6,55,25,1,24,1,12,5,33,4,62,49,0,30,0,21,2,34,6,67,70,4,24,1,19,2,53,6,76,72,1,26,1,7,2,27,8,54,66,5,17,0,7,5,49,11,59,68,3,12,2,4,1,48,4,79,90,5,32,1,8,2,45,9,102,110,0,23,0,13,4,27,6,18,13,0,5,1,2,0,10,2
24,24,220,42,9,26,0,45,11,40,8,223,45,9,26,0,40,11,28,4,265,49,4,28,1,36,15,53,6,233,28,2,28,0,49,11,46,19,190,51,10,31,4,26,11,49,7,214,73,7,43,0,42,6,63,10,252,81,2,20,3,23,15,87,14,211,65,7,28,0,11,13,63,10,229,72,3,34,1,19,9,38,9,201,81,5,28,0,27,7,56,13,40,13,0,5,1,2,1,15,0
25,25,295,40,10,36,0,47,8,76,5,307,54,28,37,0,47,17,51,7,317,66,10,28,1,73,22,86,12,288,53,13,40,3,53,20,60,5,317,68,8,39,0,53,25,78,10,332,85,8,33,2,52,30,74,12,280,116,15,51,1,50,34,131,20,308,102,6,38,5,29,16,89,7,286,158,5,33,3,31,9,79,12,338,120,5,43,0,33,14,50,26,77,26,1,5,0,2,4,12,5
27,27,247,102,15,97,1,58,1,120,25,270,95,26,121,0,81,0,89,44,325,105,24,88,2,62,3,131,30,321,83,33,94,0,72,10,142,33,325,75,33,90,1,83,7,145,24,329,136,18,90,0,78,5,136,23,308,166,35,98,1,45,9,232,39,296,157,16,104,6,35,8,174,27,324,198,33,114,3,47,11,180,51,378,247,16,184,0,101,6,144,39,75,56,0,44,0,19,0,36,5
28,28,68,10,0,19,0,13,5,21,0,69,20,1,15,1,16,7,11,0,90,13,3,20,0,9,9,10,1,64,12,0,15,0,10,4,19,1,83,15,0,11,0,14,8,40,2,76,36,1,23,2,4,10,27,1,59,32,7,17,0,10,6,32,3,66,19,1,7,2,7,4,13,0,77,33,1,12,0,4,0,22,5,75,30,0,24,0,3,2,10,2,17,8,0,3,0,3,0,7,0
29,29,30,8,0,16,0,13,0,11,1,38,18,2,13,0,4,2,17,3,39,14,0,19,0,9,0,12,0,23,11,2,11,0,2,1,6,2,19,12,1,10,0,8,2,33,5,31,31,1,16,0,4,0,12,3,26,19,3,13,0,2,1,27,3,37,13,1,10,0,3,1,17,3,47,45,0,23,0,7,1,16,3,41,45,0,20,0,8,1,17,2,12,13,0,6,0,2,0,8,2
3,3,105,23,3,25,1,29,0,38,3,95,25,6,26,1,35,1,55,5,85,22,5,28,0,31,3,39,2,98,27,2,22,0,36,2,27,5,105,60,0,25,2,19,0,47,1,129,65,2,18,0,28,3,51,8,90,56,1,14,0,12,1,61,5,99,47,1,11,0,18,2,46,3,125,62,0,18,0,36,5,27,7,108,62,10,28,1,29,0,68,15,43,20,0,5,0,5,0,14,4
30,30,82,37,2,27,1,30,1,33,5,100,41,6,50,0,22,2,50,8,121,29,4,31,1,31,3,29,2,126,24,7,34,0,23,7,34,10,114,52,6,30,0,21,2,51,11,119,35,4,49,0,25,10,54,10,103,53,1,35,0,19,1,64,9,141,48,7,29,3,14,5,48,5,153,76,5,23,2,12,4,52,9,170,91,4,37,0,32,2,55,11,43,15,0,19,0,14,2,15,2
31,31,103,67,12,50,1,23,2,95,24,132,52,16,55,1,18,2,73,18,177,42,10,63,1,22,1,60,24,159,50,12,57,1,35,5,78,24,163,63,13,64,2,43,9,90,18,210,61,20,88,1,39,16,82,28,149,87,31,77,1,36,14,121,18,157,97,28,63,1,16,8,107,20,171,197,17,53,1,31,6,114,42,185,202,11,142,0,74,1,114,40,38,38,2,33,0,23,2,20,9
32,32,68,30,6,39,0,26,3,27,3,81,21,26,36,0,15,6,49,2,116,23,11,47,0,36,15,30,3,97,32,6,40,0,19,5,45,7,104,30,11,45,1,16,7,44,3,94,21,13,25,0,16,12,51,7,101,23,30,34,1,28,10,57,7,75,38,11,16,1,9,3,45,3,72,55,8,16,0,4,3,45,3,128,66,11,40,0,18,3,38,4,22,6,2,8,1,3,2,4,1
33,33,67,72,7,53,0,10,1,41,2,65,34,7,41,0,11,0,49,5,59,54,3,41,1,6,0,36,7,63,25,7,57,0,18,2,69,5,94,36,14,59,0,13,0,62,8,82,42,3,46,0,15,2,70,6,78,50,18,43,1,17,4,72,3,95,94,15,41,0,13,0,70,7,115,171,16,30,0,23,0,69,10,127,157,12,70,0,18,3,64,9,32,28,0,16,0,5,0,11,2
34,34,66,49,2,38,0,6,0,50,9,53,31,4,37,0,8,0,39,8,98,28,8,39,0,13,1,35,8,71,37,8,41,0,11,0,39,10,93,44,5,50,0,20,0,47,16,77,40,7,37,0,13,0,38,10,95,65,9,24,0,6,2,55,12,71,50,3,13,0,8,1,44,2,63,109,5,30,2,12,1,80,14,81,84,3,51,1,19,0,52,5,18,21,0,9,1,3,0,7,0
35,35,64,24,7,51,0,10,0,60,3,80,17,8,63,0,3,0,26,4,81,21,11,13,0,8,2,35,3,79,19,9,36,0,11,0,40,4,86,23,5,34,0,13,1,40,1,83,27,9,25,0,8,1,28,1,72,40,14,9,0,12,1,49,5,64,52,14,18,0,8,2,41,7,72,75,3,23,0,11,0,106,7,92,67,5,17,0,4,0,52,7,33,16,2,6,0,2,0,10,0
36,36,94,25,13,44,0,16,1,60,7,89,16,13,31,0,5,0,57,1,89,23,11,41,0,13,0,33,5,68,20,13,74,0,30,0,35,9,123,43,4,49,0,7,0,47,5,113,40,5,36,0,10,0,60,5,82,43,9,19,0,18,3,69,6,96,65,13,31,0,8,0,57,4,83,98,6,27,1,13,0,79,6,110,129,8,38,0,10,0,74,5,27,18,0,11,0,8,0,9,2
37,37,61,9,6,35,0,14,0,13,1,69,13,6,21,0,0,0,24,4,88,10,28,37,0,8,1,34,2,51,13,22,31,1,15,0,40,2,65,7,5,39,0,33,0,32,8,67,19,12,26,0,22,1,39,7,71,40,8,21,0,16,1,52,5,66,26,16,15,0,11,0,40,6,71,33,13,33,0,25,0,52,11,72,52,3,45,0,10,0,54,5,17,3,0,8,0,4,0,12,1
38,38,49,19,4,46,0,11,0,22,6,70,23,5,39,0,7,2,41,3,72,23,7,41,0,7,1,42,4,74,28,8,41,0,19,0,38,10,79,26,8,53,0,25,1,54,6,83,25,13,34,0,16,0,74,8,102,42,10,36,1,13,1,83,8,98,62,10,22,1,13,3,39,7,71,72,9,54,0,22,2,71,11,86,119,8,76,0,21,0,76,6,19,30,0,13,0,9,1,5,1
39,39,73,41,12,91,0,17,1,66,9,45,39,9,70,0,8,0,64,13,49,30,27,110,0,21,1,48,12,69,49,10,128,0,18,0,89,12,53,56,23,110,0,13,0,76,11,86,63,19,92,0,16,3,118,20,69,88,12,64,0,22,0,117,12,60,102,6,37,0,10,2,62,8,64,171,6,63,0,14,0,53,8,65,227,7,133,0,12,0,69,15,22,31,0,47,0,10,0,8,2
4,4,53,14,0,19,0,14,0,53,1,67,15,1,17,0,14,1,23,2,84,22,2,16,0,16,3,14,1,96,23,2,16,1,25,2,21,1,74,55,2,26,0,24,2,34,4,56,51,2,21,1,24,3,39,1,48,36,1,33,0,13,1,41,2,52,35,2,18,0,10,1,51,3,55,57,1,22,2,24,0,46,9,64,71,1,23,0,24,1,45,5,22,16,2,7,1,5,1,9,2
40,40,47,20,7,73,1,5,0,51,11,42,22,3,73,0,3,0,34,15,49,9,6,50,0,10,2,27,6,40,16,4,82,2,1,0,28,7,56,25,7,83,0,4,1,24,3,60,43,7,84,0,7,1,50,8,49,29,20,49,0,7,1,49,3,44,59,8,34,0,2,0,54,7,48,87,6,51,0,7,0,40,10,40,128,6,89,1,11,0,36,12,14,16,1,31,0,6,0,5,5
41,41,22,5,3,42,0,2,0,25,8,29,12,7,35,0,3,0,18,3,20,13,6,55,0,2,0,11,3,28,3,6,65,0,0,1,14,4,30,9,5,53,0,2,2,17,7,37,12,6,52,0,12,3,29,2,38,16,9,29,0,4,3,36,4,42,40,6,18,0,4,0,14,3,29,60,5,48,0,2,1,18,5,45,82,7,95,0,2,0,22,6,6,9,0,20,0,1,1,5,1
42,42,71,20,3,68,0,15,0,82,10,79,24,12,90,0,29,0,48,16,93,8,6,57,0,32,2,52,9,115,16,13,66,0,11,1,60,6,83,28,16,85,0,8,0,64,10,80,45,5,78,0,17,2,58,16,85,53,7,42,0,8,1,52,8,91,39,14,24,0,3,2,44,7,119,56,11,50,0,21,3,53,13,130,162,18,98,1,26,3,61,13,30,26,0,22,0,7,2,15,2
43,43,97,24,3,33,0,9,1,40,4,94,10,3,47,0,14,0,35,4,104,22,1,20,1,12,2,34,4,70,10,2,35,0,15,0,36,6,84,10,4,29,0,12,1,47,5,99,15,1,52,0,15,3,36,2,82,19,1,28,0,8,2,42,4,82,36,3,18,0,5,1,55,5,116,36,3,32,0,8,3,55,4,94,59,3,24,0,17,3,48,12,14,25,0,8,0,0,0,6,2
44,44,146,8,13,50,1,28,5,123,10,155,8,11,21,0,20,5,20,3,166,5,4,14,0,24,8,46,3,142,12,6,12,0,20,5,20,3,162,8,2,16,0,16,6,25,1,153,11,7,17,0,13,9,20,3,135,18,4,13,0,6,14,32,6,157,24,5,12,1,4,7,43,2,136,20,4,24,0,15,1,31,2,171,44,6,27,0,13,4,56,5,37,13,1,8,0,2,0,32,4
46,46,30,11,1,15,0,4,0,25,3,39,5,0,15,0,13,1,42,5,42,6,2,31,0,9,1,9,2,33,15,2,11,0,5,0,18,4,32,13,1,28,0,9,1,25,4,30,18,3,9,0,14,0,40,2,39,28,9,15,0,8,0,47,4,35,11,9,17,0,9,0,64,5,27,26,1,16,0,14,0,47,3,48,46,10,15,0,12,0,34,3,9,5,2,4,0,3,0,6,0
47,47,137,54,7,83,2,52,1,80,9,157,28,9,51,0,35,2,103,5,158,33,4,67,0,27,1,56,8,153,30,6,37,0,21,1,40,13,143,28,15,60,0,38,2,57,17,175,27,8,39,0,37,3,71,11,117,40,7,31,2,29,0,63,12,147,40,17,34,0,18,3,68,12,131,73,4,32,0,30,4,86,10,177,169,7,48,2,32,4,113,15,36,36,0,20,0,16,0,15,4
48,48,45,16,3,28,0,11,1,17,3,30,10,3,44,0,6,0,40,4,26,17,1,28,0,7,0,20,1,29,17,5,27,0,24,0,13,1,56,23,2,39,0,15,1,27,3,37,22,6,24,1,15,1,41,5,30,20,0,14,0,13,0,23,2,25,38,4,19,1,9,0,46,4,23,10,0,28,0,11,1,32,2,41,50,2,35,0,11,1,30,5,12,6,0,8,0,15,0,5,0
49,49,36,6,2,22,0,5,0,22,3,43,7,3,34,0,1,0,11,1,38,18,1,31,0,0,2,14,3,29,20,2,38,0,3,0,7,2,41,7,1,30,0,4,3,30,2,43,22,3,21,1,6,2,20,3,32,15,3,34,0,1,1,27,3,25,24,1,10,0,2,0,24,3,35,14,0,9,0,2,0,19,1,58,27,3,26,0,6,0,33,1,10,9,0,12,0,2,0,2,2
5,5,47,8,1,10,0,15,2,36,2,58,20,4,17,0,10,4,25,0,72,17,2,12,0,23,4,23,0,68,13,3,12,2,27,5,23,2,70,37,2,7,0,14,4,19,1,79,30,1,10,1,17,9,31,5,51,51,2,13,0,8,0,37,2,65,56,0,19,0,7,7,26,3,71,63,3,12,1,7,6,36,0,76,45,5,16,0,15,0,51,4,22,17,2,8,0,3,2,6,0
50,50,106,40,9,44,0,11,0,38,5,104,13,12,48,1,8,0,41,9,127,32,22,49,1,13,1,35,7,111,19,14,65,0,29,0,45,14,114,26,12,67,1,16,0,47,9,122,43,15,62,0,13,0,69,11,122,51,12,47,0,16,1,59,11,173,71,8,32,0,16,1,55,8,200,131,12,47,0,24,3,61,11,156,155,14,41,1,23,2,70,19,41,28,2,10,0,9,0,14,3
52,52,87,26,8,46,0,3,0,84,9,105,16,10,36,0,5,1,25,9,81,15,28,38,0,11,0,42,5,66,22,11,42,0,9,0,26,9,71,9,15,55,1,7,0,28,7,74,41,9,40,0,15,1,50,11,66,31,46,32,1,13,1,52,12,69,50,10,31,0,4,4,44,9,113,65,9,31,0,10,4,67,7,134,109,16,75,0,9,2,99,17,34,19,0,19,0,15,0,7,1
53,53,58,12,4,40,0,9,0,59,5,64,13,2,29,1,3,3,34,5,76,9,1,12,0,9,0,46,3,79,16,4,28,1,12,1,23,9,77,15,1,24,1,9,1,25,5,87,24,5,38,0,5,4,82,14,81,19,9,36,0,8,3,33,6,82,35,18,24,0,7,0,102,4,96,32,8,35,0,7,1,78,10,96,65,7,27,1,11,0,81,10,24,11,1,6,0,1,0,5,2
54,54,168,19,8,57,1,23,6,38,11,172,10,7,29,0,12,3,82,7,128,5,5,34,1,29,4,79,6,133,10,8,36,2,15,5,28,4,139,19,8,29,0,5,6,76,7,142,24,4,58,0,15,5,45,7,124,21,6,29,0,13,3,63,7,128,34,5,44,1,14,4,55,1,144,36,8,47,0,6,3,27,8,135,47,8,45,0,3,0,31,7,37,18,0,4,0,1,1,5,0
55,55,90,14,10,32,3,16,1,23,6,107,12,6,26,1,10,1,17,5,92,4,26,28,1,15,1,30,10,95,11,10,19,4,9,1,22,10,97,11,3,27,0,4,3,30,3,127,13,8,36,0,14,8,22,4,93,20,19,35,2,7,7,23,3,137,16,17,36,0,14,3,39,1,106,35,17,52,0,18,3,55,10,118,52,10,52,0,10,4,33,6,40,13,0,21,0,3,0,8,1
56,56,40,9,22,42,0,7,0,63,10,38,14,23,37,1,12,0,32,5,34,4,24,31,0,9,0,20,5,41,3,18,31,0,14,0,46,6,36,41,23,37,0,8,0,30,3,34,33,24,43,0,3,1,46,6,36,42,42,43,0,6,0,44,8,43,89,21,37,0,5,1,39,4,31,83,11,44,0,6,1,60,1,47,116,14,61,0,8,0,53,11,7,25,1,10,0,1,0,8,0
57,57,66,2,6,13,0,12,0,15,0,57,5,9,20,0,6,0,30,1,67,7,13,21,0,14,1,19,3,66,7,11,26,1,8,2,13,1,62,7,2,12,1,13,0,20,1,83,3,12,29,0,11,0,29,3,60,7,34,23,0,4,0,27,7,55,11,10,17,1,11,1,27,1,75,14,25,21,1,2,1,33,2,94,16,12,19,0,4,0,27,2,17,3,0,4,0,1,0,8,1
58,58,30,1,4,14,0,13,0,31,1,43,5,2,11,0,4,1,28,3,22,6,0,22,1,6,0,15,1,29,0,5,13,0,1,0,16,2,34,9,2,21,1,2,1,17,1,26,4,0,11,0,5,0,32,1,18,7,6,13,0,4,1,20,0,19,17,4,5,0,3,0,15,1,37,21,5,15,0,2,2,19,1,29,31,4,7,0,5,1,18,0,3,5,0,1,0,0,0,3,0
59,59,65,7,5,31,0,3,0,58,2,66,8,4,19,0,9,0,61,3,49,10,19,39,0,5,0,42,4,74,8,5,27,0,10,1,22,0,98,13,9,15,0,8,1,32,4,88,9,11,16,0,9,1,76,3,58,15,22,33,1,8,0,64,7,67,18,22,20,0,9,1,49,4,76,48,12,27,0,7,0,46,3,103,51,2,13,0,4,1,49,6,17,17,0,4,0,2,0,3,1
6,6,92,54,0,30,2,18,2,102,5,117,45,6,32,1,32,5,50,3,127,42,2,32,2,25,13,48,5,106,35,4,35,2,13,8,44,6,95,51,6,39,2,17,2,51,3,97,39,4,26,0,13,3,38,3,96,58,5,13,0,5,2,67,3,103,80,3,15,1,9,6,90,10,135,121,5,14,0,10,1,63,7,136,107,1,39,0,24,2,87,7,29,30,1,5,0,2,1,18,1
60,60,60,2,5,47,0,9,0,50,4,43,5,3,25,1,6,0,37,3,52,4,10,18,0,10,1,38,5,45,1,8,10,1,9,1,16,2,62,2,6,21,0,9,1,38,1,56,5,9,17,1,4,0,37,7,43,6,11,13,0,13,0,45,3,54,10,4,15,0,5,0,34,5,52,23,4,10,0,8,0,16,1,49,15,7,12,1,1,0,13,4,11,3,0,0,0,1,1,4,0
61,61,129,16,11,32,0,35,2,40,2,118,9,9,74,1,37,0,59,1,109,9,11,44,1,17,1,36,5,123,3,8,21,1,22,2,36,0,141,10,15,39,0,23,1,30,5,125,11,6,65,1,19,1,53,4,128,12,14,25,0,33,4,53,7,118,17,14,13,0,10,1,53,9,132,21,11,24,1,9,1,67,5,143,35,15,23,1,17,1,31,2,34,8,2,3,0,1,0,4,0
62,62,174,21,42,81,3,33,0,76,5,186,13,45,86,0,34,0,110,8,164,23,55,75,0,39,2,75,12,178,26,37,65,0,40,2,63,9,178,30,50,75,1,31,2,99,5,175,21,31,64,0,28,2,63,9,137,27,51,63,0,22,2,110,7,171,37,40,70,2,23,0,79,8,220,42,47,67,0,23,2,76,11,194,51,30,43,2,17,0,63,7,45,10,2,17,0,8,0,13,2
63,63,98,7,55,51,0,21,0,77,9,119,24,20,50,0,13,0,104,7,103,8,98,86,0,21,0,61,5,123,13,26,36,0,52,0,60,8,116,33,37,50,0,20,0,97,7,90,20,37,63,0,16,2,59,9,107,24,52,65,0,5,0,66,8,108,31,22,48,0,24,0,45,7,134,58,21,56,0,21,0,48,11,123,66,21,41,1,19,0,50,16,34,18,0,12,0,3,0,10,0
64,64,87,7,9,35,0,14,0,45,3,81,11,16,33,3,20,1,46,3,87,6,26,53,0,6,1,31,6,84,7,22,38,0,28,0,44,5,104,16,22,28,0,31,0,93,9,115,13,28,39,0,14,2,71,2,61,20,35,43,1,21,0,62,6,79,15,31,37,1,9,0,37,2,117,17,13,29,1,7,0,25,6,107,28,10,21,1,7,1,34,4,12,11,2,7,0,2,0,4,0
65,65,135,22,14,55,3,16,1,56,3,170,17,24,44,1,18,1,66,9,121,16,44,74,1,19,1,65,9,93,13,27,38,0,27,1,40,7,141,18,26,52,1,29,0,58,5,142,31,40,59,0,17,5,96,10,134,26,56,50,1,24,2,89,6,108,27,60,52,0,14,3,60,6,139,30,40,56,1,41,1,43,6,146,39,17,41,0,10,2,36,5,31,10,4,5,0,1,1,8,1
66,66,55,7,7,28,0,10,0,27,2,63,3,10,24,0,15,0,47,2,44,3,16,21,0,13,0,9,1,57,4,8,11,1,12,0,13,1,59,5,18,10,0,15,0,21,2,42,5,25,19,0,13,1,56,2,45,5,35,20,0,2,0,50,2,67,12,55,30,0,6,0,48,3,67,21,25,31,0,11,1,38,2,89,18,10,10,0,16,0,25,3,21,8,0,2,0,5,0,7,0
67,67,37,2,10,24,0,9,0,16,0,26,4,6,27,0,5,0,11,2,45,5,13,19,0,6,0,4,1,45,3,15,10,0,3,2,19,1,33,9,8,11,0,4,0,16,1,58,7,9,22,0,7,1,54,4,43,5,29,22,0,5,0,26,4,31,5,23,27,0,5,1,24,0,79,15,21,17,0,4,1,37,2,63,22,7,16,0,13,1,14,0,18,5,0,6,0,2,0,12,0
68,68,70,13,45,55,0,27,0,79,4,81,13,30,63,0,42,0,56,2,79,7,36,53,1,38,2,60,6,93,11,27,37,1,28,1,42,6,88,14,58,43,2,24,1,31,6,102,29,38,63,0,21,2,71,9,61,15,41,67,0,10,1,47,5,91,20,27,48,0,16,1,40,1,106,38,29,43,0,23,0,35,4,114,38,19,40,1,21,3,32,3,16,6,2,2,0,14,0,9,1
69,69,66,2,7,17,0,9,1,24,1,55,5,11,28,0,12,1,18,1,58,6,11,23,1,12,4,16,0,50,6,13,22,0,14,1,14,2,55,9,6,24,1,14,1,12,1,65,4,15,18,0,8,2,18,2,51,5,16,22,0,3,2,25,4,39,4,13,22,0,7,1,11,1,52,5,2,17,1,10,2,11,1,64,4,11,27,1,4,3,17,4,10,1,1,2,1,3,0,6,1
7,7,83,51,2,50,0,19,2,122,5,78,42,10,38,1,15,2,58,3,106,51,2,35,0,50,4,58,6,99,44,3,43,0,20,3,40,4,80,56,3,60,2,17,5,68,3,94,42,2,39,1,36,5,38,4,93,67,1,18,0,17,6,43,5,55,62,7,22,2,6,1,61,4,98,105,5,29,0,14,4,63,6,116,107,3,28,0,15,4,64,4,24,26,0,10,0,3,0,28,4
70,70,207,17,66,83,1,58,2,198,16,197,23,94,94,0,42,0,141,16,219,27,120,135,3,46,4,140,23,233,38,115,85,5,66,6,114,25,296,35,132,92,2,32,4,155,27,248,32,73,125,0,38,6,144,18,214,36,105,137,0,43,3,125,23,226,45,90,123,3,31,1,120,17,301,71,50,101,1,41,6,69,21,330,77,83,92,1,43,2,82,22,66,21,8,24,0,5,0,15,5
71,71,149,16,67,109,4,22,0,93,6,180,8,77,79,2,30,0,135,6,199,9,71,85,0,28,0,135,11,171,13,55,65,0,49,1,117,8,197,24,89,66,0,46,3,136,13,265,23,68,135,0,35,2,99,9,238,26,43,93,1,31,3,70,5,269,11,43,79,1,25,3,54,6,224,29,45,78,0,35,2,66,9,234,21,37,63,0,28,1,57,8,46,3,4,15,0,3,0,8,2
72,72,118,12,26,32,1,21,5,53,7,117,13,30,32,0,18,5,68,3,125,6,38,22,0,21,7,45,1,127,10,41,31,4,21,5,45,3,147,10,44,24,2,31,10,61,3,186,23,47,74,0,18,5,59,7,150,8,34,32,1,14,5,40,6,167,10,14,39,1,16,1,23,5,131,11,17,21,0,11,4,27,5,158,16,26,39,0,22,1,35,7,44,4,4,6,2,6,1,3,0
73,73,358,25,109,171,1,127,2,198,11,391,24,117,120,2,138,3,181,14,467,18,137,144,4,123,5,155,16,484,23,153,145,3,108,4,195,17,569,48,144,165,4,171,6,256,39,657,49,120,250,4,143,2,233,21,793,38,123,210,2,138,4,183,18,641,49,101,161,1,91,3,132,18,536,51,94,140,3,69,8,88,21,634,36,107,162,7,58,2,108,33,134,12,13,25,0,25,1,19,3
74,74,82,14,50,46,0,28,1,65,4,97,8,53,48,0,20,0,67,2,111,14,62,29,0,17,2,135,9,103,10,75,43,0,24,1,45,8,109,4,32,51,0,18,4,52,6,150,18,58,60,0,20,2,64,11,147,22,55,48,0,28,0,58,5,158,17,33,39,0,15,0,30,4,150,10,41,31,1,15,1,52,2,193,12,32,39,0,17,1,48,10,44,4,2,14,0,5,0,10,2
78,78,339,25,92,110,0,77,3,530,20,386,28,117,106,1,54,3,495,38,385,32,143,78,5,76,6,530,14,415,31,161,111,1,80,9,433,24,433,23,139,247,1,71,4,273,27,386,46,119,291,0,46,4,340,36,389,56,103,177,1,45,6,180,26,346,27,120,94,2,24,6,85,20,368,38,88,101,1,43,4,96,22,450,48,133,149,1,39,2,101,22,97,6,12,38,0,17,1,67,17
79,79,142,8,122,83,0,47,0,83,7,148,7,105,64,0,28,0,80,11,142,15,130,53,0,28,0,55,6,152,6,141,75,0,32,1,110,8,142,9,146,75,0,24,0,79,18,124,14,82,79,1,13,1,62,9,93,7,78,68,0,11,0,74,9,141,9,68,47,0,18,1,27,7,150,11,121,54,0,20,1,50,13,160,8,54,48,0,26,0,43,16,54,4,9,24,0,2,0,12,0
8,8,28,31,4,21,1,15,0,72,2,39,28,3,28,0,9,5,56,4,38,21,3,33,1,17,6,29,4,51,30,4,38,1,5,2,23,7,41,18,5,34,2,7,1,40,4,54,24,1,32,0,10,7,17,7,39,34,1,14,0,3,1,39,3,40,26,4,22,2,1,4,33,7,36,47,4,11,1,11,0,29,4,61,35,2,18,0,9,4,27,2,8,11,0,9,0,1,2,5,0
80,80,76,16,42,65,1,38,0,40,5,73,13,50,36,0,22,0,102,1,94,9,42,33,0,35,1,46,6,113,15,54,38,0,34,0,92,7,129,20,62,55,0,35,0,82,10,155,11,43,76,0,20,0,71,10,85,13,72,50,1,17,0,65,4,97,13,32,20,1,26,2,25,1,108,20,31,43,0,19,0,34,6,123,14,37,37,2,34,1,28,9,25,6,5,12,0,6,2,4,1
81,81,132,13,45,56,0,25,0,92,12,115,19,58,67,0,15,3,77,5,154,24,78,52,1,16,2,71,4,123,23,76,67,0,25,2,77,7,111,21,61,65,0,14,1,68,10,115,25,76,99,0,21,1,59,4,91,19,86,86,1,15,1,29,7,134,18,35,51,0,17,1,24,7,145,31,38,63,1,25,1,34,8,146,25,42,64,0,15,1,41,6,38,7,4,15,0,0,0,13,3
83,83,96,12,25,31,0,39,0,51,9,98,9,41,40,0,31,0,32,4,113,6,38,30,0,27,2,33,4,124,10,49,25,0,22,3,36,4,138,14,32,42,0,35,2,52,11,112,7,37,50,1,35,0,58,8,109,21,38,58,1,24,3,68,6,101,15,27,37,0,4,2,20,2,111,13,34,33,0,21,3,28,7,164,18,66,42,0,36,1,42,9,56,5,5,14,1,6,0,6,3
84,84,75,9,38,40,1,11,0,26,4,68,11,37,37,2,11,0,32,2,93,14,43,41,2,9,0,29,3,89,18,76,36,0,10,0,44,2,75,14,50,63,1,10,0,29,11,77,10,60,67,0,8,0,36,6,76,26,56,53,0,10,0,39,6,77,9,40,45,0,9,1,26,8,86,26,25,30,0,13,0,31,5,111,23,15,32,0,12,0,43,10,25,6,5,10,0,4,0,5,4
85,85,205,13,31,54,0,24,0,73,6,258,24,36,58,0,41,1,46,3,246,29,35,77,1,43,6,46,12,264,26,51,72,0,37,7,89,8,242,28,51,91,0,49,6,49,11,275,26,78,96,1,39,3,52,23,284,17,54,98,0,29,4,47,12,300,17,34,79,0,22,5,56,12,303,36,31,72,1,12,2,61,12,358,50,41,77,0,35,1,36,20,75,16,5,10,1,4,0,7,5
86,86,82,12,29,35,0,24,0,19,1,96,4,34,38,0,18,1,36,3,114,9,27,33,0,29,4,33,3,95,11,66,39,0,20,5,52,12,74,12,64,72,2,21,2,53,3,106,10,47,79,1,25,3,42,9,91,14,45,59,0,12,1,42,3,63,19,22,55,0,13,2,37,6,77,21,16,37,0,11,0,38,6,97,20,13,44,0,10,1,35,3,17,7,4,16,0,0,0,14,3
87,87,86,20,26,44,0,28,0,54,7,126,18,33,61,0,48,0,64,4,109,13,61,42,0,27,4,50,5,108,15,54,48,0,33,3,54,10,92,23,61,52,0,17,2,29,3,103,30,46,77,1,37,2,64,17,74,42,34,56,0,17,2,68,8,88,26,39,34,0,12,2,27,5,114,83,27,74,1,18,2,43,6,116,64,25,63,1,17,2,37,10,33,7,0,20,0,6,3,18,5
88,88,74,12,25,18,1,13,0,40,7,86,17,28,66,0,24,0,24,1,84,6,40,26,0,25,0,21,1,95,10,51,52,0,28,0,39,3,107,23,38,68,0,16,0,29,5,77,30,42,52,0,5,0,42,3,86,20,46,31,0,14,0,35,3,89,24,23,32,0,8,0,30,4,132,37,27,22,1,14,0,53,6,156,43,25,48,1,21,0,23,3,30,9,4,9,0,5,0,7,1
89,89,26,13,13,21,0,11,0,31,0,42,10,17,17,0,10,1,25,1,29,8,15,17,0,9,0,17,1,32,19,18,17,0,13,0,21,0,28,24,5,20,0,13,0,18,2,43,27,8,16,0,12,1,30,2,42,17,8,22,0,5,0,16,1,31,23,6,9,0,2,0,21,4,51,32,2,13,1,5,1,18,0,51,35,12,24,0,13,0,17,5,9,6,1,9,0,1,0,1,0
9,9,30,24,3,43,0,17,0,81,3,18,23,11,33,0,6,0,67,5,26,24,1,47,0,2,2,39,1,25,14,5,46,0,6,0,36,3,22,18,1,44,0,6,0,22,6,20,23,3,49,0,4,2,28,7,25,30,5,20,0,9,1,28,2,28,26,4,12,0,0,2,22,1,24,59,1,24,0,3,2,27,5,44,112,0,68,0,12,2,21,6,20,16,0,18,0,2,0,4,1
90,90,95,24,27,34,1,16,0,32,6,102,23,18,27,0,16,1,39,2,109,20,26,33,0,12,0,27,2,85,22,19,42,0,15,0,46,8,125,34,26,54,0,28,0,62,7,98,28,21,45,0,14,2,47,9,103,34,20,45,0,12,0,46,5,108,22,15,44,0,11,0,29,7,106,40,9,57,0,26,0,36,11,130,46,14,62,0,18,1,36,10,32,16,8,27,0,3,0,9,4
91,91,94,23,16,27,1,11,0,23,4,99,16,13,23,1,12,1,26,5,95,18,4,17,1,16,4,20,7,85,8,6,10,0,10,2,13,1,80,14,0,24,1,27,3,26,2,111,14,10,24,1,5,3,23,3,104,17,6,32,0,4,4,36,4,87,16,2,24,0,6,4,18,1,105,29,2,15,0,11,4,16,3,109,26,7,39,0,6,4,17,4,34,5,1,8,0,2,1,2,1
92,92,72,13,10,29,0,16,0,24,2,76,10,6,18,1,16,0,33,4,68,7,8,14,0,27,1,23,2,93,12,12,29,0,33,1,23,2,99,12,7,29,0,20,0,32,5,86,17,13,39,0,30,0,38,5,78,13,15,41,1,14,3,39,5,117,22,12,28,0,2,0,24,2,106,36,8,25,0,13,2,22,3,137,37,16,40,1,33,1,30,12,26,14,3,11,0,9,0,2,3
94,94,51,6,15,34,0,16,0,19,2,70,15,35,33,0,13,1,23,3,73,19,37,30,0,10,0,33,3,56,13,16,38,0,14,0,30,6,79,22,16,32,1,19,1,46,2,73,8,23,50,1,14,2,42,0,94,27,20,43,1,15,1,33,1,53,13,11,30,0,4,1,16,1,83,34,16,26,0,3,1,27,9,86,25,13,41,0,11,6,24,2,26,7,1,9,0,3,0,5,1
95,95,164,12,86,122,0,38,0,111,18,206,15,95,89,0,35,0,162,17,216,16,109,107,0,35,5,127,18,212,26,113,97,0,43,1,133,30,197,33,110,139,2,33,2,143,44,250,22,138,175,1,36,1,136,37,228,37,128,158,0,38,0,97,24,220,35,106,120,0,36,1,62,34,272,63,58,97,0,29,1,84,39,286,73,53,120,0,44,0,82,54,66,17,12,37,0,5,0,18,12
96,96,30,4,17,31,0,9,0,23,5,44,3,21,26,0,5,0,26,4,45,5,13,30,0,3,0,22,7,36,8,18,34,0,10,0,17,8,49,18,18,28,0,8,0,22,3,58,5,18,31,0,8,0,29,2,65,22,36,44,0,5,0,34,6,46,19,21,35,0,1,1,15,5,59,29,7,24,0,10,1,25,4,51,39,9,48,0,16,0,11,7,11,1,0,18,0,5,0,5,0
97,97,22,4,12,33,0,2,0,11,2,30,3,20,16,0,0,0,8,4,30,4,14,10,0,3,0,9,7,23,0,12,18,0,2,0,6,0,26,5,17,13,0,3,0,26,3,29,6,17,25,0,1,0,24,2,19,11,24,23,0,4,0,12,4,45,13,14,29,0,5,0,17,3,39,31,18,20,0,5,0,22,0,41,43,13,32,0,2,0,19,2,6,6,0,5,0,1,0,2,0
98,98,61,11,49,99,0,12,0,91,5,84,23,72,40,0,17,1,41,11,87,11,49,62,0,21,2,44,7,81,5,42,79,0,26,0,55,8,109,30,64,74,0,16,0,70,10,95,36,74,107,0,21,0,66,19,117,50,73,111,0,17,1,50,9,119,74,58,93,1,16,0,35,10,174,115,67,78,0,18,1,46,16,145,152,50,110,0,15,0,36,17,41,12,4,26,0,2,0,6,3
99,99,45,7,9,29,0,2,0,23,3,46,6,37,18,0,6,0,23,2,27,10,27,17,0,3,0,16,3,50,12,12,26,0,8,0,32,3,51,18,24,36,0,9,0,28,9,66,18,28,60,1,12,0,49,4,55,23,52,54,0,15,0,60,5,82,40,24,37,0,10,0,27,6,82,62,12,28,0,5,1,48,6,96,58,15,21,0,11,0,25,10,15,16,2,21,0,4,0,4,5
nan,#N/A,309,57,39,30,0,128,0,108,14,226,21,24,34,0,63,0,102,14,317,38,50,45,0,125,0,118,27,395,56,50,51,0,100,0,131,26,368,54,36,46,0,137,0,154,33,498,87,31,121,0,213,0,143,29,372,57,34,74,0,84,2,115,16,374,74,36,79,0,56,0,86,30,394,134,37,66,0,106,2,112,40,259,171,7,23,1,41,0,70,17,64,19,1,6,0,6,3,11,6